"weather","traffic_density","accident_count","avg_risk","avg_casualties"
"fog","high",2328,0.745940721649485,1.75214776632302
"rain","high",2365,0.644841437632135,1.73192389006342
"fog","medium",1965,0.520941475826972,1.7323155216285
"fog","low",2340,0.490363247863248,1.67478632478632
"rain","medium",1975,0.41420253164557,1.74683544303797
"clear","high",2341,0.393806065783853,1.71379752242631
"rain","low",2337,0.392062473256311,1.75010697475396
"clear","medium",1959,0.167534456355283,1.69984686064319
"clear","low",2390,0.14,1.73598326359833
